Unnamed: 0,score,label
AAACCTGAGCATCATC-1-7:F2:72-2,0.1203710585832595,3
AAACGGGTCAGCTTAG-1-7:F2:72-2,0.0963522940874099,4
AAAGATGCATGGGACA-1-7:F2:72-2,0.0627548918128013,2
AAAGCAAGTCTTGCGG-1-7:F2:72-2,0.136649802327156,4
AAAGTAGCAGCTGTTA-1-7:F2:72-2,0.1981200277805328,4
AACACGTCAATTCCTT-1-7:F2:72-2,0.0261498149484395,1
AACACGTTCATTATCC-1-7:F2:72-2,0.1696337908506393,0
AACCATGGTCTCTTAT-1-7:F2:72-2,0.0643647238612175,5
AACCGCGGTCTTCAAG-1-7:F2:72-2,0.1972079426050186,0
AACGTTGTCATCACCC-1-7:F2:72-2,0.1203710585832595,3
AACTCAGAGTTCGCAT-1-7:F2:72-2,0.2695037126541137,0
AACTTTCAGGAGTTTA-1-7:F2:72-2,0.1093470305204391,2
AAGACCTGTGAACCTT-1-7:F2:72-2,0.0643647238612175,5
AAGGAGCAGCCACGTC-1-7:F2:72-2,0.0643647238612175,5
AAGGCAGGTAGCCTCG-1-7:F2:72-2,0.2427029460668563,4
AATCCAGAGAGCAATT-1-7:F2:72-2,0.1696337908506393,0
AATCCAGCATTCGACA-1-7:F2:72-2,0.2427029460668563,4
AATCGGTTCGTCACGG-1-7:F2:72-2,0.0154460975900292,1
ACACCCTAGATAGCAT-1-7:F2:72-2,0.0150988306850194,1
ACACCCTGTCAAACTC-1-7:F2:72-2,0.713928759098053,6
ACACCGGAGGCTCTTA-1-7:F2:72-2,0.2321406602859497,2
ACACTGAAGTGCGTGA-1-7:F2:72-2,0.713928759098053,6
ACACTGATCGATCCCT-1-7:F2:72-2,0.2427029460668563,4
ACAGCTACATCCTAGA-1-7:F2:72-2,0.0945369824767112,6
ACATACGGTAATCGTC-1-7:F2:72-2,0.3831571340560913,4
ACATACGTCGGAAATA-1-7:F2:72-2,0.1203710585832595,3
ACATCAGTCACCTCGT-1-7:F2:72-2,0.0602412819862365,2
ACATGGTTCATGTCTT-1-7:F2:72-2,0.713928759098053,6
ACCAGTAGTGGGTCAA-1-7:F2:72-2,0.2058248668909073,4
ACCCACTAGACTTTCG-1-7:F2:72-2,0.0643647238612175,5
ACCCACTAGGCAGTCA-1-7:F2:72-2,0.0840713903307914,6
ACCCACTGTAAGGGAA-1-7:F2:72-2,0.1203710585832595,3
ACCGTAAAGCAATCTC-1-7:F2:72-2,0.1203710585832595,3
ACCGTAATCTCGTTTA-1-7:F2:72-2,0.0522864758968353,2
ACCTTTAGTCAGAATA-1-7:F2:72-2,0.3831571340560913,4
ACGAGCCGTTCCGGCA-1-7:F2:72-2,0.713928759098053,6
ACGAGGACATGGTCTA-1-7:F2:72-2,0.015849245712161,1
ACGATACGTAGCTTGT-1-7:F2:72-2,0.1994304955005645,4
ACGATGTCAGAGTGTG-1-7:F2:72-2,0.1981200277805328,4
ACGATGTTCGGAATCT-1-7:F2:72-2,0.16255584359169,4
ACGCCAGTCGTGACAT-1-7:F2:72-2,0.0643647238612175,5
ACGGAGAGTCACCCAG-1-7:F2:72-2,0.1107478588819503,4
ACGGCCAGTATGAAAC-1-7:F2:72-2,0.713928759098053,6
ACGGGCTGTCCAACTA-1-7:F2:72-2,0.0647026151418685,2
ACGGGTCGTTTGACAC-1-7:F2:72-2,0.1203710585832595,3
ACGTCAACAGCTGTTA-1-7:F2:72-2,0.1357335895299911,2
ACTATCTAGGTGCTTT-1-7:F2:72-2,0.0150217041373252,1
ACTATCTCAATGGATA-1-7:F2:72-2,0.0643647238612175,5
ACTATCTCACCTGGTG-1-7:F2:72-2,0.1425744891166687,2
ACTGAACAGTGACATA-1-7:F2:72-2,0.2427029460668563,4
ACTGAACTCTTACCGC-1-7:F2:72-2,0.1696337908506393,0
ACTGCTCAGACAAGCC-1-7:F2:72-2,0.0150320893153548,1
ACTGCTCAGCACCGTC-1-7:F2:72-2,0.0643647238612175,5
ACTGCTCTCAGGCCCA-1-7:F2:72-2,0.0643647238612175,5
ACTGCTCTCTACGAGT-1-7:F2:72-2,0.0796041786670684,5
ACTGTCCTCCATGAGT-1-7:F2:72-2,0.0352173522114753,1
ACTGTCCTCGTCTGCT-1-7:F2:72-2,0.0643647238612175,5
ACTTACTCATTTCACT-1-7:F2:72-2,0.0155139304697513,1
ACTTTCATCGGAAATA-1-7:F2:72-2,0.1093470305204391,2
AGAGCGACAGGAATCG-1-7:F2:72-2,0.1203710585832595,3
AGAGCGACATTGCGGC-1-7:F2:72-2,0.0643647238612175,5
AGAGCGAGTCTAAACC-1-7:F2:72-2,0.1813539415597915,6
AGAGCTTAGGGTTCCC-1-7:F2:72-2,0.0151732908561825,1
AGATTGCGTGACTCAT-1-7:F2:72-2,0.0150988306850194,1
AGCATACAGACTAGGC-1-7:F2:72-2,0.0643647238612175,5
AGCGGTCCACATTCGA-1-7:F2:72-2,0.1203710585832595,3
AGCGTATAGAAACCAT-1-7:F2:72-2,0.3227713406085968,4
AGCGTATCAACCGCCA-1-7:F2:72-2,0.713928759098053,6
AGCTCTCTCGAGAACG-1-7:F2:72-2,0.1981200277805328,4
AGGGTGAAGTAATCCC-1-7:F2:72-2,0.0150320893153548,1
AGGTCATGTTCAACCA-1-7:F2:72-2,0.2836633026599884,4
AGGTCCGAGCGGATCA-1-7:F2:72-2,0.0150320893153548,1
AGGTCCGAGTACGTTC-1-7:F2:72-2,0.1203710585832595,3
AGGTCCGCAAATTGCC-1-7:F2:72-2,0.0157673228532075,1
AGTAGTCCAAAGTGCG-1-7:F2:72-2,0.1203710585832595,3
AGTAGTCGTTACTGAC-1-7:F2:72-2,0.0157673228532075,1
AGTCTTTGTCACTTCC-1-7:F2:72-2,0.713928759098053,6
AGTGAGGAGTACGCGA-1-7:F2:72-2,0.713928759098053,6
AGTGAGGAGTTGTCGT-1-7:F2:72-2,0.0602412819862365,2
AGTGAGGTCCGTTGTC-1-7:F2:72-2,0.3479061722755432,5
AGTGTCAAGTTGTAGA-1-7:F2:72-2,0.1031782776117324,2
AGTTGGTCACGAAATA-1-7:F2:72-2,0.2667383253574371,2
AGTTGGTTCCAGTATG-1-7:F2:72-2,0.0643647238612175,5
ATAGACCTCCTCAATT-1-7:F2:72-2,0.0812602415680885,2
ATCATGGAGTGCGATG-1-7:F2:72-2,0.1662517338991165,4
ATCCACCGTGTGAATA-1-7:F2:72-2,0.1203710585832595,3
ATCCACCTCATGCTCC-1-7:F2:72-2,0.1566423028707504,4
ATCCGAATCAGAGACG-1-7:F2:72-2,0.2695037126541137,0
ATCGAGTTCAAGGCTT-1-7:F2:72-2,0.0643647238612175,5
ATGAGGGAGGAGTTTA-1-7:F2:72-2,0.3362164199352264,4
ATGAGGGCACGACGAA-1-7:F2:72-2,0.1688385605812072,4
ATGAGGGGTTTAGGAA-1-7:F2:72-2,0.0643647238612175,5
ATGCGATCAGGAATGC-1-7:F2:72-2,0.0643647238612175,5
ATGCGATGTAGCCTAT-1-7:F2:72-2,0.0643647238612175,5
ATTACTCAGAGTAATC-1-7:F2:72-2,0.1203710585832595,3
ATTACTCCAATCTGCA-1-7:F2:72-2,0.1203710585832595,3
ATTACTCGTCAGGACA-1-7:F2:72-2,0.5329879522323608,2
ATTACTCTCATGCAAC-1-7:F2:72-2,0.1519745141267776,2
ATTACTCTCGTCCAGG-1-7:F2:72-2,0.0643647238612175,5
ATTGGTGGTGTGTGCC-1-7:F2:72-2,0.1093470305204391,2
CAAGAAAGTCACCTAA-1-7:F2:72-2,0.1348998248577118,4
CAAGATCGTCTCATCC-1-7:F2:72-2,0.1203710585832595,3
CAAGTTGGTCCGAAGA-1-7:F2:72-2,0.0150988306850194,1
CACAAACAGGGTGTTG-1-7:F2:72-2,0.1203710585832595,3
CACAAACCAAGGTTCT-1-7:F2:72-2,0.2695037126541137,0
CACACTCTCATGGTCA-1-7:F2:72-2,0.1203710585832595,3
CACACTCTCTAACGGT-1-7:F2:72-2,0.1357335895299911,2
CACCACTGTACAGTTC-1-7:F2:72-2,0.0602412819862365,2
CACTCCACATTTGCCC-1-7:F2:72-2,0.1203710585832595,3
CAGAATCCAAGACGTG-1-7:F2:72-2,0.779319703578949,4
CAGAGAGGTATATGGA-1-7:F2:72-2,0.1160792857408523,2
CAGATCACATATGCTG-1-7:F2:72-2,0.3831571340560913,4
CAGCCGAAGCGTTGCC-1-7:F2:72-2,0.713928759098053,6
CAGCCGACAGCTGTGC-1-7:F2:72-2,0.1203710585832595,3
CAGCGACCAAAGGCGT-1-7:F2:72-2,0.0150153953582048,1
CAGCGACGTCTCCCTA-1-7:F2:72-2,0.2695037126541137,0
CAGCTAAGTGACTACT-1-7:F2:72-2,0.0164301432669162,1
CAGCTGGCACAGCCCA-1-7:F2:72-2,0.2695037126541137,0
CAGGTGCCAGGTCTCG-1-7:F2:72-2,0.1203710585832595,3
CAGTAACAGACGCAAC-1-7:F2:72-2,0.0352173522114753,1
CAGTCCTAGAGTAAGG-1-7:F2:72-2,0.713928759098053,6
CATATGGTCTACCTGC-1-7:F2:72-2,0.0796041786670684,5
CATATTCTCTTCTGGC-1-7:F2:72-2,0.2695037126541137,0
CATCAAGGTTCCATGA-1-7:F2:72-2,0.1357335895299911,2
CATCCACGTTGTGGAG-1-7:F2:72-2,0.0149881672114133,1
CATCGAAAGATACACA-1-7:F2:72-2,0.3479061722755432,5
CATCGAAAGCGGATCA-1-7:F2:72-2,0.0261498149484395,1
CATCGGGTCGGTCTAA-1-7:F2:72-2,0.3831571340560913,4
CATGACACAAACGTGG-1-7:F2:72-2,0.1618302464485168,4
CATGACAGTATATCCG-1-7:F2:72-2,0.1203710585832595,3
CATGGCGAGAGGGATA-1-7:F2:72-2,0.2695037126541137,0
CATGGCGAGTGAAGAG-1-7:F2:72-2,0.0157673228532075,1
CATTATCAGCACGCCT-1-7:F2:72-2,0.1348998248577118,4
CATTATCGTACAGACG-1-7:F2:72-2,0.0150320893153548,1
CATTATCGTTCCCTTG-1-7:F2:72-2,0.2695037126541137,0
CCACCTAGTTCGTCTC-1-7:F2:72-2,0.0154460975900292,1
CCACGGATCACGGTTA-1-7:F2:72-2,0.0812602415680885,2
CCACTACCAATGTTGC-1-7:F2:72-2,0.0499540716409683,2
CCAGCGAGTCTTTCAT-1-7:F2:72-2,0.01565483212471,1
CCAGCGATCCAAATGC-1-7:F2:72-2,0.0150320893153548,1
CCGGTAGAGCGTAGTG-1-7:F2:72-2,0.0150320893153548,1
CCGTACTAGGTGCTAG-1-7:F2:72-2,0.1203710585832595,3
CCTAAAGTCAAACGGG-1-7:F2:72-2,0.1093470305204391,2
CCTACACAGCAGGTCA-1-7:F2:72-2,0.1972079426050186,0
CCTACACGTCCCGACA-1-7:F2:72-2,0.1948883980512619,4
CCTATTACACCTCGTT-1-7:F2:72-2,0.0150494966655969,1
CCTATTACACTTACGA-1-7:F2:72-2,0.3479061722755432,5
CCTATTACAGATGGCA-1-7:F2:72-2,0.0611388050019741,1
CCTATTACAGGTCTCG-1-7:F2:72-2,0.0352173522114753,1
CCTCAGTGTCAAAGAT-1-7:F2:72-2,0.0853809863328933,4
CCTCTGAAGCTCTCGG-1-7:F2:72-2,0.0151732908561825,1
CCTCTGAGTTGAGTTC-1-7:F2:72-2,0.0643647238612175,5
CCTTACGTCGTTGCCT-1-7:F2:72-2,0.1203710585832595,3
CCTTCCCTCTCAAGTG-1-7:F2:72-2,0.2695037126541137,0
CCTTCGACAGATGAGC-1-7:F2:72-2,0.180372416973114,2
CGAATGTAGGAGTTTA-1-7:F2:72-2,0.1203710585832595,3
CGACCTTGTATCTGCA-1-7:F2:72-2,0.16255584359169,4
CGACCTTGTTGATTGC-1-7:F2:72-2,0.1093470305204391,2
CGAGCCACACTGTCGG-1-7:F2:72-2,0.1357335895299911,2
CGAGCCAGTGGTAACG-1-7:F2:72-2,0.0643647238612175,5
CGATCGGAGGCCCGTT-1-7:F2:72-2,0.2194005995988845,4
CGATCGGTCAACACTG-1-7:F2:72-2,0.0150320893153548,1
CGATGGCAGCCAGGAT-1-7:F2:72-2,0.1007318645715713,2
CGCCAAGAGTAGGCCA-1-7:F2:72-2,0.0151367941871285,1
CGCGGTAAGTGGACGT-1-7:F2:72-2,0.0796041786670684,5
CGCGGTATCAATCACG-1-7:F2:72-2,0.2427029460668563,4
CGCGTTTGTATGCTTG-1-7:F2:72-2,0.1789251565933227,4
CGGACACAGCTAGTGG-1-7:F2:72-2,0.1357335895299911,2
CGGACGTAGGTAGCCA-1-7:F2:72-2,0.713928759098053,6
CGGACTGAGCGTTTAC-1-7:F2:72-2,0.0643647238612175,5
CGGACTGGTACCGCTG-1-7:F2:72-2,0.1635560840368271,6
CGGAGCTGTTGGTGGA-1-7:F2:72-2,0.1093470305204391,2
CGGAGTCGTACGCTGC-1-7:F2:72-2,0.1203710585832595,3
CGGCTAGAGCCACGTC-1-7:F2:72-2,0.0643647238612175,5
CGGGTCAAGGAATCGC-1-7:F2:72-2,0.1203710585832595,3
CGGTTAACACACAGAG-1-7:F2:72-2,0.0643647238612175,5
CGTAGCGCACAACGTT-1-7:F2:72-2,0.713928759098053,6
CGTCACTAGATAGTCA-1-7:F2:72-2,0.2695037126541137,0
CGTCCATTCTAAGCCA-1-7:F2:72-2,0.01565483212471,1
CGTCTACGTTTAGCTG-1-7:F2:72-2,0.0164301432669162,1
CGTGTAAAGCACGCCT-1-7:F2:72-2,0.1203710585832595,3
CGTTAGACACAGAGGT-1-7:F2:72-2,0.2321406602859497,2
CGTTCTGCATGCCTAA-1-7:F2:72-2,0.0352173522114753,1
CGTTGGGCAATCGGTT-1-7:F2:72-2,0.2695037126541137,0
CTAAGACTCCGCTGTT-1-7:F2:72-2,0.1079849526286125,5
CTACCCACAGCGTTCG-1-7:F2:72-2,0.151796668767929,4
CTACGTCGTGGCTCCA-1-7:F2:72-2,0.0150320893153548,1
CTACGTCTCATTGCGA-1-7:F2:72-2,0.0643647238612175,5
CTACGTCTCGATAGAA-1-7:F2:72-2,0.0549270659685134,5
CTAGAGTAGTGTTTGC-1-7:F2:72-2,0.1203710585832595,3
CTAGAGTTCAACGAAA-1-7:F2:72-2,0.1357335895299911,2
CTAGTGAAGTACGATA-1-7:F2:72-2,0.0812602415680885,2
CTCAGAACATATGAGA-1-7:F2:72-2,0.0796041786670684,5
CTCATTAAGATCCCGC-1-7:F2:72-2,0.1187405288219451,2
CTCATTATCTCCAACC-1-7:F2:72-2,0.0261498149484395,1
CTCCTAGGTAAGTTCC-1-7:F2:72-2,0.1203710585832595,3
CTCGAAATCAAACAAG-1-7:F2:72-2,0.0643647238612175,5
CTCGGAGAGAATTCCC-1-7:F2:72-2,0.1203710585832595,3
CTCGGGAGTATATGGA-1-7:F2:72-2,0.0150320893153548,1
CTCGGGAGTTCAGGCC-1-7:F2:72-2,0.1203710585832595,3
CTCGTACAGCAGCCTC-1-7:F2:72-2,0.1203710585832595,3
CTCGTCAGTGAGGGAG-1-7:F2:72-2,0.3337842524051666,4
CTCGTCAGTGTGACGA-1-7:F2:72-2,0.1203710585832595,3
CTGAAGTCACACTGCG-1-7:F2:72-2,0.136649802327156,4
CTGATAGGTAAAGTCA-1-7:F2:72-2,0.0458484813570976,6
CTGCCTACAGCTGGCT-1-7:F2:72-2,0.0153666688129305,1
CTGCCTATCAGTTAGC-1-7:F2:72-2,0.2427029460668563,4
CTGCGGAAGCCACCTG-1-7:F2:72-2,0.1276381462812423,6
CTGCTGTCAAGCCGCT-1-7:F2:72-2,0.1203710585832595,3
CTGGTCTAGAGGGCTT-1-7:F2:72-2,0.0963522940874099,4
CTGGTCTAGTCCAGGA-1-7:F2:72-2,0.0149655677378177,1
CTGGTCTTCGCCCTTA-1-7:F2:72-2,0.0150320893153548,1
CTGTTTAAGTATCTCG-1-7:F2:72-2,0.0796041786670684,5
CTTAACTCAAACTGCT-1-7:F2:72-2,0.0155769428238272,1
CTTACCGGTTACAGAA-1-7:F2:72-2,0.3831571340560913,4
CTTAGGAAGATTACCC-1-7:F2:72-2,0.713928759098053,6
CTTAGGATCATCGCTC-1-7:F2:72-2,0.1519745141267776,2
CTTCTCTTCACGATGT-1-7:F2:72-2,0.0151732908561825,1
CTTCTCTTCGTTGACA-1-7:F2:72-2,0.0643647238612175,5
GAAACTCAGTGACATA-1-7:F2:72-2,0.0643647238612175,5
GAAACTCCACATGGGA-1-7:F2:72-2,0.0643647238612175,5
GAACATCAGGGTCGAT-1-7:F2:72-2,0.1010525971651077,2
GAACCTACAGCTGCTG-1-7:F2:72-2,0.1203710585832595,3
GAACGGAAGAAGAAGC-1-7:F2:72-2,0.0643647238612175,5
GAACGGACACATGACT-1-7:F2:72-2,0.1696337908506393,0
GAACGGATCACTATTC-1-7:F2:72-2,0.1788387894630432,0
GAATGAATCATCATTC-1-7:F2:72-2,0.0773519501090049,2
GACAGAGCAGCTGCTG-1-7:F2:72-2,0.1981200277805328,4
GACCAATCAGGTCTCG-1-7:F2:72-2,0.0352173522114753,1
GACCAATTCATTGCGA-1-7:F2:72-2,0.107156865298748,2
GACGGCTGTGGCCCTA-1-7:F2:72-2,0.1706372052431106,0
GACGGCTGTGTGGCTC-1-7:F2:72-2,0.2695037126541137,0
GACGTGCAGTGTACCT-1-7:F2:72-2,0.078893631696701,2
GACTACAAGAGCCCAA-1-7:F2:72-2,0.0781218707561492,4
GACTGCGGTATGAAAC-1-7:F2:72-2,0.0497865863144397,4
GAGCAGACAGCTGTTA-1-7:F2:72-2,0.0856671631336212,4
GAGCAGACATTGCGGC-1-7:F2:72-2,0.1203710585832595,3
GAGCAGATCATATCGG-1-7:F2:72-2,0.1203710585832595,3
GAGTCCGAGGAGTCTG-1-7:F2:72-2,0.0154460975900292,1
GAGTCCGCAACGATGG-1-7:F2:72-2,0.2695037126541137,0
GATCGCGAGGTAAACT-1-7:F2:72-2,0.0150320893153548,1
GATCGCGGTTGGAGGT-1-7:F2:72-2,0.0150320893153548,1
GATCGTACAAAGCGGT-1-7:F2:72-2,0.1519745141267776,2
GATCGTACACTAGTAC-1-7:F2:72-2,0.1798864901065826,4
GATCGTAGTTTAAGCC-1-7:F2:72-2,0.0643647238612175,5
GATCTAGAGGAATTAC-1-7:F2:72-2,0.1093470305204391,2
GATCTAGTCTTACCTA-1-7:F2:72-2,0.2069008648395538,2
GATGAAATCCGCGGTA-1-7:F2:72-2,0.1357335895299911,2
GATGAGGAGGTAGCCA-1-7:F2:72-2,0.0354243926703929,1
GATGAGGCAGCTTAAC-1-7:F2:72-2,0.2194005995988845,4
GATGAGGTCACAACGT-1-7:F2:72-2,0.1981200277805328,4
GATGAGGTCACCACCT-1-7:F2:72-2,0.779319703578949,4
GATGCTATCTGAGGGA-1-7:F2:72-2,0.0643647238612175,5
GCACATAGTCAGAATA-1-7:F2:72-2,0.0298513751477003,2
GCAGCCAGTGTGACCC-1-7:F2:72-2,0.1635560840368271,6
GCAGTTAAGAGGGCTT-1-7:F2:72-2,0.2427029460668563,4
GCATGCGCACATCTTT-1-7:F2:72-2,0.2427029460668563,4
GCCAAATTCAAACCGT-1-7:F2:72-2,0.1203710585832595,3
GCGACCATCCTAGTGA-1-7:F2:72-2,0.0164301432669162,1
GCGAGAAGTCAAAGCG-1-7:F2:72-2,0.0643647238612175,5
GCGAGAATCCTAGGGC-1-7:F2:72-2,0.2695037126541137,0
GCGCAACCAGTTCCCT-1-7:F2:72-2,0.0643647238612175,5
GCGCAGTAGGTAAACT-1-7:F2:72-2,0.2756065428256988,4
GCGCAGTCAGTCGATT-1-7:F2:72-2,0.0150320893153548,1
GCGCCAATCCACGTGG-1-7:F2:72-2,0.1477903127670288,4
GCGCCAATCTGAGGGA-1-7:F2:72-2,0.0812602415680885,2
GCGCGATGTACCATCA-1-7:F2:72-2,0.0812602415680885,2
GCGGGTTGTAAGTGTA-1-7:F2:72-2,0.1401597708463668,4
GCGGGTTTCTTGCAAG-1-7:F2:72-2,0.1203710585832595,3
GCTGCGACAAGCTGAG-1-7:F2:72-2,0.1203710585832595,3
GCTGCTTTCGCAAGCC-1-7:F2:72-2,0.390645682811737,4
GCTTCCAAGCAAATCA-1-7:F2:72-2,0.0626727789640426,2
GGACAAGCAAGGACTG-1-7:F2:72-2,0.1203710585832595,3
GGACAGACACGGCTAC-1-7:F2:72-2,0.1696337908506393,0
GGACATTTCAGTTCGA-1-7:F2:72-2,0.112211063504219,5
GGACGTCGTGAGGGTT-1-7:F2:72-2,0.1008620858192443,2
GGAGCAACAAGCGAGT-1-7:F2:72-2,0.1696337908506393,0
GGATGTTTCCCTCAGT-1-7:F2:72-2,0.1981200277805328,4
GGATGTTTCCTTGCCA-1-7:F2:72-2,0.1093470305204391,2
GGATTACTCTGTCTAT-1-7:F2:72-2,0.0150320893153548,1
GGCAATTGTACAGCAG-1-7:F2:72-2,0.0963522940874099,4
GGCAATTGTCGAACAG-1-7:F2:72-2,0.1203710585832595,3
GGCAATTGTCGGGTCT-1-7:F2:72-2,0.1203710585832595,3
GGCCGATTCATAAAGG-1-7:F2:72-2,0.1093470305204391,2
GGCCGATTCCGTTGTC-1-7:F2:72-2,0.713928759098053,6
GGCGACTGTGCTTCTC-1-7:F2:72-2,0.2695037126541137,0
GGCGTGTGTTAGTGGG-1-7:F2:72-2,0.779319703578949,4
GGCTCGAAGACCGGAT-1-7:F2:72-2,0.1357335895299911,2
GGCTCGACAGCCTGTG-1-7:F2:72-2,0.2194005995988845,4
GGCTGGTAGACATAAC-1-7:F2:72-2,0.0879668295383453,2
GGGACCTCAAAGTGCG-1-7:F2:72-2,0.2427029460668563,4
GGGAGATTCCATTCTA-1-7:F2:72-2,0.0149830831214785,1
GGGATGACAGCATGAG-1-7:F2:72-2,0.3479061722755432,5
GGGCACTAGAGTAAGG-1-7:F2:72-2,0.0151367941871285,1
GGGTCTGTCTTGTCAT-1-7:F2:72-2,0.1203710585832595,3
GGTATTGCAATGGAGC-1-7:F2:72-2,0.713928759098053,6
GGTGAAGGTCTAAACC-1-7:F2:72-2,0.0473088547587394,1
GGTGCGTCAAGGCTCC-1-7:F2:72-2,0.16255584359169,4
GTAACGTTCGGAAACG-1-7:F2:72-2,0.0812995582818985,2
GTAACTGGTCCGAACC-1-7:F2:72-2,0.0458484813570976,6
GTACGTAGTCGCGAAA-1-7:F2:72-2,0.0261498149484395,1
GTACTCCGTTACGTCA-1-7:F2:72-2,0.136649802327156,4
GTACTCCGTTTGCATG-1-7:F2:72-2,0.0149830831214785,1
GTACTTTCAAGGACTG-1-7:F2:72-2,0.0812602415680885,2
GTAGGCCAGACGCAAC-1-7:F2:72-2,0.713928759098053,6
GTAGTCACACGTTGGC-1-7:F2:72-2,0.0151732908561825,1
GTAGTCAGTAGCCTAT-1-7:F2:72-2,0.1158171072602272,4
GTATTCTGTGTTAAGA-1-7:F2:72-2,0.0643647238612175,5
GTCAAGTAGTTTGCGT-1-7:F2:72-2,0.1357335895299911,2
GTCACAAAGCAATATG-1-7:F2:72-2,0.713928759098053,6
GTCACAATCACTTATC-1-7:F2:72-2,0.0643647238612175,5
GTCACAATCCAGATCA-1-7:F2:72-2,0.1203710585832595,3
GTCACGGGTTCACGGC-1-7:F2:72-2,0.0150320893153548,1
GTCATTTTCCTTGGTC-1-7:F2:72-2,0.1477903127670288,4
GTCCTCACATGAACCT-1-7:F2:72-2,0.1948883980512619,4
GTCGGGTCATCTATGG-1-7:F2:72-2,0.2695037126541137,0
GTCGGGTGTGTTGAGG-1-7:F2:72-2,0.0150320893153548,1
GTCTCGTTCGTGGGAA-1-7:F2:72-2,0.1830779761075973,4
GTCTTCGGTGAGTATA-1-7:F2:72-2,0.779319703578949,4
GTCTTCGGTTGACGTT-1-7:F2:72-2,0.0643647238612175,5
GTGAAGGGTCTTCGTC-1-7:F2:72-2,0.2695037126541137,0
GTGCATACACCCTATC-1-7:F2:72-2,0.1203710585832595,3
GTGTGCGAGTTGTAGA-1-7:F2:72-2,0.0149639304727315,1
GTGTTAGAGAACTGTA-1-7:F2:72-2,0.1203710585832595,3
GTGTTAGGTTTGGCGC-1-7:F2:72-2,0.0643647238612175,5
GTTCGGGGTTATTCTC-1-7:F2:72-2,0.1093470305204391,2
GTTCGGGTCCTTGCCA-1-7:F2:72-2,0.1007318645715713,2
GTTCTCGGTCTCTTTA-1-7:F2:72-2,0.1519745141267776,2
TAAACCGTCAGTTTGG-1-7:F2:72-2,0.0151186715811491,1
TAAGAGAAGCTCCTTC-1-7:F2:72-2,0.1203710585832595,3
TAAGAGATCAGTGCAT-1-7:F2:72-2,0.0153593402355909,1
TAAGCGTCAAAGCAAT-1-7:F2:72-2,0.0489088147878646,1
TACACGACATCGATTG-1-7:F2:72-2,0.1093470305204391,2
TACACGAGTCTAGCGC-1-7:F2:72-2,0.0151732908561825,1
TACACGATCCGTCATC-1-7:F2:72-2,0.1566423028707504,4
TACAGTGAGAATTGTG-1-7:F2:72-2,0.1007318645715713,2
TACAGTGGTGGGTATG-1-7:F2:72-2,0.0149830831214785,1
TACCTATGTCCTGCTT-1-7:F2:72-2,0.0150320893153548,1
TACCTATGTGTGACCC-1-7:F2:72-2,0.1203710585832595,3
TACCTTATCACCTTAT-1-7:F2:72-2,0.713928759098053,6
TACGGATCAAGTAATG-1-7:F2:72-2,0.3831571340560913,4
TACGGGCGTATATGAG-1-7:F2:72-2,0.2695037126541137,0
TACGGTACACAGACAG-1-7:F2:72-2,0.0381016880273819,2
TACTCATTCAAGGCTT-1-7:F2:72-2,0.1203710585832595,3
TACTTGTAGATGCGAC-1-7:F2:72-2,0.0643647238612175,5
TACTTGTGTCTCTTTA-1-7:F2:72-2,0.1203710585832595,3
TAGCCGGCACGAAACG-1-7:F2:72-2,0.01565483212471,1
TAGTGGTTCGCTTAGA-1-7:F2:72-2,0.3831571340560913,4
TATCTCAAGCTACCGC-1-7:F2:72-2,0.2756065428256988,4
TATGCCCCAAGAGGCT-1-7:F2:72-2,0.1357335895299911,2
TATTACCTCAGAAATG-1-7:F2:72-2,0.0155564956367015,1
TCAACGAAGACTTTCG-1-7:F2:72-2,0.2695037126541137,0
TCAATCTAGCAACGGT-1-7:F2:72-2,0.1981200277805328,4
TCACGAAAGCTCCCAG-1-7:F2:72-2,0.1696337908506393,0
TCACGAAAGGCGACAT-1-7:F2:72-2,0.0643647238612175,5
TCAGATGAGTAATCCC-1-7:F2:72-2,0.1357335895299911,2
TCAGCAATCGGAGGTA-1-7:F2:72-2,0.1696337908506393,0
TCCACACGTAGATTAG-1-7:F2:72-2,0.1203710585832595,3
TCCCGATCACTTACGA-1-7:F2:72-2,0.2695037126541137,0
TCCCGATTCATTGCGA-1-7:F2:72-2,0.1203710585832595,3
TCGTACCCAGGATTGG-1-7:F2:72-2,0.01565483212471,1
TCGTAGAAGAGGACGG-1-7:F2:72-2,0.779319703578949,4
TCGTAGACACTTGGAT-1-7:F2:72-2,0.3831571340560913,4
TCTCTAACATATACGC-1-7:F2:72-2,0.1357335895299911,2
TCTCTAAGTTAAGACA-1-7:F2:72-2,0.1007318645715713,2
TCTCTAAGTTCAGTAC-1-7:F2:72-2,0.1826622933149337,2
TCTGAGACAGCTCGCA-1-7:F2:72-2,0.1635560840368271,6
TCTGAGAGTGACCAAG-1-7:F2:72-2,0.16255584359169,4
TCTGGAACACCGATAT-1-7:F2:72-2,0.0551024489104747,2
TCTTCGGTCTGATACG-1-7:F2:72-2,0.3024393022060394,4
TCTTTCCAGTTGAGTA-1-7:F2:72-2,0.0154460975900292,1
TCTTTCCTCATCATTC-1-7:F2:72-2,0.3227713406085968,4
TGACGGCGTAATCACC-1-7:F2:72-2,0.0458471328020095,5
TGACTAGCAGATGGCA-1-7:F2:72-2,0.16255584359169,4
TGACTTTCAATAAGCA-1-7:F2:72-2,0.0963522940874099,4
TGAGAGGTCACGCATA-1-7:F2:72-2,0.0643647238612175,5
TGAGCATAGCTGCAAG-1-7:F2:72-2,0.1203710585832595,3
TGAGCATCACTATCTT-1-7:F2:72-2,0.2427029460668563,4
TGAGGGAAGGCAAAGA-1-7:F2:72-2,0.0458484813570976,6
TGAGGGAGTTTGGGCC-1-7:F2:72-2,0.3831571340560913,4
TGCACCTGTCTTGCGG-1-7:F2:72-2,0.0261498149484395,1
TGCCCTATCCAGGGCT-1-7:F2:72-2,0.1203710585832595,3
TGCGCAGGTGTAACGG-1-7:F2:72-2,0.0458471328020095,5
TGCGGGTCACCGTTGG-1-7:F2:72-2,0.3831571340560913,4
TGCTGCTGTACATGTC-1-7:F2:72-2,0.0643647238612175,5
TGGCCAGAGGCTCTTA-1-7:F2:72-2,0.0963522940874099,4
TGGCCAGTCTGATTCT-1-7:F2:72-2,0.0352173522114753,1
TGGCGCAAGCGATCCC-1-7:F2:72-2,0.1155990809202194,2
TGGGAAGCACCACCAG-1-7:F2:72-2,0.1203710585832595,3
TGGTTAGTCGGGAGTA-1-7:F2:72-2,0.3618657290935516,4
TGTATTCCACCACGTG-1-7:F2:72-2,0.0489088147878646,1
TGTCCCACATAGGATA-1-7:F2:72-2,0.0912555530667305,2
TTAGGACGTCGTTGTA-1-7:F2:72-2,0.0261498149484395,1
TTAGGACGTCTCTTTA-1-7:F2:72-2,0.1357335895299911,2
TTAGTTCCAAACGCGA-1-7:F2:72-2,0.0489088147878646,1
TTCCCAGCATCCGGGT-1-7:F2:72-2,0.713928759098053,6
TTCGAAGAGCAAATCA-1-7:F2:72-2,0.0643647238612175,5
TTCGAAGTCATCATTC-1-7:F2:72-2,0.1093470305204391,2
TTCGGTCGTTGTCGCG-1-7:F2:72-2,0.3831571340560913,4
TTCTCAACATGCCCGA-1-7:F2:72-2,0.0150320893153548,1
TTCTCCTAGCTGTCTA-1-7:F2:72-2,0.0643647238612175,5
TTGAACGCACTGAAGG-1-7:F2:72-2,0.1204053536057472,4
TTGACTTGTCGACTAT-1-7:F2:72-2,0.1093470305204391,2
TTGGCAAAGCTCCTTC-1-7:F2:72-2,0.0151732908561825,1
TTTATGCAGAGGACGG-1-7:F2:72-2,0.0156280472874641,1
TTTCCTCTCAGTTTGG-1-7:F2:72-2,0.1203710585832595,3
TTTGCGCAGGTGCTTT-1-7:F2:72-2,0.1357335895299911,2
TTTGCGCTCCCTGACT-1-7:F2:72-2,0.779319703578949,4
TTTGGTTAGGAATCGC-1-7:F2:72-2,0.0261498149484395,1
TTTGGTTCACGGCTAC-1-7:F2:72-2,0.1972079426050186,0
TTTGGTTTCCAGAAGG-1-7:F2:72-2,0.0643647238612175,5
AAACCTGGTACTTGAC-1-7:F1:72-2,0.1203710585832595,3
AAAGATGAGGAATCGC-1-7:F1:72-2,0.0458484813570976,6
AAATGCCCATACTCTT-1-7:F1:72-2,0.2695037126541137,0
AAATGCCGTGCTTCTC-1-7:F1:72-2,0.0151354959234595,1
AACACGTTCTCTGTCG-1-7:F1:72-2,0.1721403449773788,4
AACGTTGAGTCTCCTC-1-7:F1:72-2,0.0643647238612175,5
AACTCAGCAAACCTAC-1-7:F1:72-2,0.01565483212471,1
AACTCTTGTGGTGTAG-1-7:F1:72-2,0.0149830831214785,1
AACTCTTTCGGCTTGG-1-7:F1:72-2,0.1972079426050186,0
AACTTTCCAACACCCG-1-7:F1:72-2,0.1477903127670288,4
AAGACCTGTGTGACCC-1-7:F1:72-2,0.1436871141195297,2
AAGGAGCCATTGGGCC-1-7:F1:72-2,0.3479061722755432,5
AAGGAGCGTACCTACA-1-7:F1:72-2,0.1203710585832595,3
AAGGTTCGTAGAGGAA-1-7:F1:72-2,0.1203710585832595,3
AATCCAGCACAGACAG-1-7:F1:72-2,0.8735930919647217,4
AATCGGTCACAACGCC-1-7:F1:72-2,0.0150320893153548,1
AATCGGTCACCACCAG-1-7:F1:72-2,0.1624561995267868,2
ACACCAAAGATGTTAG-1-7:F1:72-2,0.1566423028707504,4
ACACCAAGTGCCTTGG-1-7:F1:72-2,0.0812602415680885,2
ACAGCTAGTGTGTGCC-1-7:F1:72-2,0.1203710585832595,3
ACATACGCATTAGGCT-1-7:F1:72-2,0.2427029460668563,4
ACATCAGAGTAACCCT-1-7:F1:72-2,0.713928759098053,6
ACATCAGCATTTGCCC-1-7:F1:72-2,0.1203710585832595,3
ACATGGTCAATCTACG-1-7:F1:72-2,0.131492480635643,4
ACCAGTACATCGATGT-1-7:F1:72-2,0.0643647238612175,5
ACCAGTAGTCCGAGTC-1-7:F1:72-2,0.0390634387731552,1
ACCTTTAAGCTAGGCA-1-7:F1:72-2,0.2695037126541137,0
ACCTTTACAGGATCGA-1-7:F1:72-2,0.1093470305204391,2
ACGAGCCGTTGCTCCT-1-7:F1:72-2,0.1203710585832595,3
ACGGGCTAGTTTCCTT-1-7:F1:72-2,0.0905905961990356,2
ACGGGTCCAGTACACT-1-7:F1:72-2,0.2695037126541137,0
ACGGGTCTCTAACCGA-1-7:F1:72-2,0.0643647238612175,5
ACGTCAATCATTGCGA-1-7:F1:72-2,0.01565483212471,1
ACTATCTTCCTACAGA-1-7:F1:72-2,0.0541980974376201,2
ACTGAGTGTTGGTAAA-1-7:F1:72-2,0.01565483212471,1
ACTGATGGTCTGGAGA-1-7:F1:72-2,0.713928759098053,6
ACTGATGTCTGCGACG-1-7:F1:72-2,0.1203710585832595,3
ACTGTCCTCAGAGCTT-1-7:F1:72-2,0.1093470305204391,2
ACTTACTAGTGTCCCG-1-7:F1:72-2,0.0150320893153548,1
AGACGTTAGTGTACGG-1-7:F1:72-2,0.7480930685997009,4
AGACGTTCATCGTCGG-1-7:F1:72-2,0.01565483212471,1
AGACGTTTCCCAAGAT-1-7:F1:72-2,0.1972079426050186,0
AGAGCGACAGCTCCGA-1-7:F1:72-2,0.713928759098053,6
AGAGCTTTCGGTCTAA-1-7:F1:72-2,0.0154578872025012,1
AGCAGCCGTTATTCTC-1-7:F1:72-2,0.0164301432669162,1
AGCCTAACAGCCTTGG-1-7:F1:72-2,0.0150151820853352,1
AGCGGTCTCCAAATGC-1-7:F1:72-2,0.0354243926703929,1
AGCGTATTCCGTTGTC-1-7:F1:72-2,0.1357335895299911,2
AGCTCCTAGATGGGTC-1-7:F1:72-2,0.0151367941871285,1
AGCTCCTCATTCTCAT-1-7:F1:72-2,0.3227713406085968,4
AGCTCCTTCAGCTGGC-1-7:F1:72-2,0.2695037126541137,0
AGCTCTCAGTTAAGTG-1-7:F1:72-2,0.1203710585832595,3
AGGCCACAGAATTCCC-1-7:F1:72-2,0.1203710585832595,3
AGGCCACAGGAACTGC-1-7:F1:72-2,0.0151732908561825,1
AGGCCACGTAATAGCA-1-7:F1:72-2,0.0150988306850194,1
AGGGTGATCAGAGCTT-1-7:F1:72-2,0.0150320893153548,1
AGGTCCGAGGAGTACC-1-7:F1:72-2,0.1203710585832595,3
AGGTCCGAGGCCGAAT-1-7:F1:72-2,0.0149757582694292,1
AGTAGTCCACCTCGTT-1-7:F1:72-2,0.0458484813570976,6
AGTAGTCGTACTTGAC-1-7:F1:72-2,0.2756065428256988,4
AGTAGTCTCTAACGGT-1-7:F1:72-2,0.0489088147878646,1
AGTGGGAAGGGATGGG-1-7:F1:72-2,0.0150320893153548,1
AGTGGGACAGGGTTAG-1-7:F1:72-2,0.1357335895299911,2
AGTGGGATCATATCGG-1-7:F1:72-2,0.0150320893153548,1
AGTGTCAGTATTAGCC-1-7:F1:72-2,0.0643647238612175,5
ATAACGCCACGTTGGC-1-7:F1:72-2,0.0149830831214785,1
ATAACGCTCAGGCCCA-1-7:F1:72-2,0.1203710585832595,3
ATAAGAGGTTGTCTTT-1-7:F1:72-2,0.0812602415680885,2
ATCACGAGTATATGAG-1-7:F1:72-2,0.0643647238612175,5
ATCACGATCACCGTAA-1-7:F1:72-2,0.1203710585832595,3
ATCACGATCGTCACGG-1-7:F1:72-2,0.1203710585832595,3
ATCCACCAGAAGCCCA-1-7:F1:72-2,0.01565483212471,1
ATCCACCTCCCGGATG-1-7:F1:72-2,0.01565483212471,1
ATCCGAAAGCGCCTTG-1-7:F1:72-2,0.0164301432669162,1
ATCTACTTCCAGTATG-1-7:F1:72-2,0.1203710585832595,3
ATCTGCCTCATAGCAC-1-7:F1:72-2,0.1203710585832595,3
ATTATCCAGACAGACC-1-7:F1:72-2,0.0150988306850194,1
ATTTCTGAGAGATGAG-1-7:F1:72-2,0.1203710585832595,3
CAACCTCGTGTGCCTG-1-7:F1:72-2,0.0643647238612175,5
CAAGGCCCAGTATGCT-1-7:F1:72-2,0.1635560840368271,6
CAAGTTGCATTACCTT-1-7:F1:72-2,0.713928759098053,6
CACACAAAGAGGTACC-1-7:F1:72-2,0.01565483212471,1
CACACCTCAAGTCATC-1-7:F1:72-2,0.1093470305204391,2
CACAGGCCATCTATGG-1-7:F1:72-2,0.1203710585832595,3
CACAGGCTCGGCCGAT-1-7:F1:72-2,0.0150320893153548,1
CACATAGTCGTTGCCT-1-7:F1:72-2,0.1040738821029663,2
CACATTTTCAGCGATT-1-7:F1:72-2,0.1357335895299911,2
CACCACTTCAAGGCTT-1-7:F1:72-2,0.1291608810424804,2
CACCAGGAGGCCGAAT-1-7:F1:72-2,0.3831571340560913,4
CACCTTGTCGTCTGCT-1-7:F1:72-2,0.1203710585832595,3
CACTCCAGTAGCGTCC-1-7:F1:72-2,0.0812602415680885,2
CAGATCATCCTTAATC-1-7:F1:72-2,0.1107478588819503,4
CAGCAGCAGCTCAACT-1-7:F1:72-2,0.3479061722755432,5
CAGCAGCGTCCCTACT-1-7:F1:72-2,0.0643647238612175,5
CAGCAGCGTGACCAAG-1-7:F1:72-2,0.0159375052899122,1
CAGCATAGTGTCCTCT-1-7:F1:72-2,0.1470027714967727,4
CAGCATATCCTGCAGG-1-7:F1:72-2,0.1972079426050186,0
CAGCTGGAGGTGCACA-1-7:F1:72-2,0.779319703578949,4
CAGCTGGCACGTAAGG-1-7:F1:72-2,0.1203710585832595,3
CAGCTGGGTCTCATCC-1-7:F1:72-2,0.0261498149484395,1
CAGCTGGTCAGCTTAG-1-7:F1:72-2,0.1357335895299911,2
CAGGTGCCACGGCGTT-1-7:F1:72-2,0.2427029460668563,4
CAGTAACCACGAGGTA-1-7:F1:72-2,0.0732203796505928,5
CAGTAACGTGTTAAGA-1-7:F1:72-2,0.01565483212471,1
CAGTAACTCGACGGAA-1-7:F1:72-2,0.1696337908506393,0
CAGTCCTCAAGCCGTC-1-7:F1:72-2,0.0643647238612175,5
CAGTCCTGTGGTGTAG-1-7:F1:72-2,0.713928759098053,6
CATCAAGGTACCTACA-1-7:F1:72-2,0.1696337908506393,0
CATCAGACACGCCAGT-1-7:F1:72-2,0.036103717982769,1
CATCAGAGTGTGAAAT-1-7:F1:72-2,0.0458484813570976,6
CATCGAATCACCATAG-1-7:F1:72-2,0.0150988306850194,1
CATCGGGGTTATCACG-1-7:F1:72-2,0.0489509552717208,6
CATCGGGTCCTAGTGA-1-7:F1:72-2,0.0261498149484395,1
CATGACAGTCTAGTCA-1-7:F1:72-2,0.0150988306850194,1
CATGCCTTCAGGATCT-1-7:F1:72-2,0.0559795722365379,2
CCAATCCAGGTGATAT-1-7:F1:72-2,0.0150988306850194,1
CCAATCCTCATGGTCA-1-7:F1:72-2,0.1122439205646514,2
CCACCTAAGCTATGCT-1-7:F1:72-2,0.1203710585832595,3
CCACCTAAGTAATCCC-1-7:F1:72-2,0.2427029460668563,4
CCACCTATCGTCTGCT-1-7:F1:72-2,0.2695037126541137,0
CCACGGAGTTTAGCTG-1-7:F1:72-2,0.0643647238612175,5
CCACTACCACGTTGGC-1-7:F1:72-2,0.1203710585832595,3
CCACTACCATTCTCAT-1-7:F1:72-2,0.1203710585832595,3
CCACTACTCATCGCTC-1-7:F1:72-2,0.713928759098053,6
CCATGTCTCCATGAAC-1-7:F1:72-2,0.1357335895299911,2
CCATTCGCAGATTGCT-1-7:F1:72-2,0.1375139206647873,2
CCGTACTTCCCTCTTT-1-7:F1:72-2,0.0805578902363777,2
CCGTACTTCGGCGCTA-1-7:F1:72-2,0.1696337908506393,0
CCGTTCAAGATAGCAT-1-7:F1:72-2,0.713928759098053,6
CCGTTCACACGTCTCT-1-7:F1:72-2,0.1981200277805328,4
CCGTTCACAGGGTTAG-1-7:F1:72-2,0.2427029460668563,4
CCGTTCACATCGTCGG-1-7:F1:72-2,0.1203710585832595,3
CCGTTCATCTGAGTGT-1-7:F1:72-2,0.7045139074325562,4
CCTACACAGCGTGAAC-1-7:F1:72-2,0.713928759098053,6
CCTACCACAAGTTCTG-1-7:F1:72-2,0.1357335895299911,2
CCTAGCTGTATGGTTC-1-7:F1:72-2,0.0354243926703929,1
CCTATTAGTAGCCTCG-1-7:F1:72-2,0.1203710585832595,3
CCTTCCCGTGGTCTCG-1-7:F1:72-2,0.01565483212471,1
CCTTCGACACTGAAGG-1-7:F1:72-2,0.0150320893153548,1
CGAATGTAGTGGAGTC-1-7:F1:72-2,0.1981200277805328,4
CGAATGTGTGCAACTT-1-7:F1:72-2,0.2427029460668563,4
CGAGAAGTCCGTTGCT-1-7:F1:72-2,0.16255584359169,4
CGAGCACAGATTACCC-1-7:F1:72-2,0.1203710585832595,3
CGAGCACTCGTTACGA-1-7:F1:72-2,0.0643647238612175,5
CGATCGGAGTATGACA-1-7:F1:72-2,0.1203710585832595,3
CGATCGGGTAGCAAAT-1-7:F1:72-2,0.3831571340560913,4
CGATGTACAGATGAGC-1-7:F1:72-2,0.1696337908506393,0
CGATGTATCGTCTGCT-1-7:F1:72-2,0.0150320893153548,1
CGCCAAGAGTCGTACT-1-7:F1:72-2,0.1477903127670288,4
CGCCAAGTCTACCTGC-1-7:F1:72-2,0.7480930685997009,4
CGCTATCAGCTCCTCT-1-7:F1:72-2,0.3479061722755432,5
CGCTGGACAGATGAGC-1-7:F1:72-2,0.0381016880273819,2
CGCTGGATCCTAGTGA-1-7:F1:72-2,0.2695037126541137,0
CGCTTCAAGATCCCGC-1-7:F1:72-2,0.0559795722365379,2
CGGACACAGAAACGCC-1-7:F1:72-2,0.1696337908506393,0
CGGACGTCAACTGCGC-1-7:F1:72-2,0.0643647238612175,5
CGGAGCTAGGGTGTGT-1-7:F1:72-2,0.0643647238612175,5
CGGAGTCAGTGGTAAT-1-7:F1:72-2,0.1203710585832595,3
CGGAGTCTCACAGTAC-1-7:F1:72-2,0.2695037126541137,0
CGGCTAGAGCCCAGCT-1-7:F1:72-2,0.0149830831214785,1
CGTCACTGTTTACTCT-1-7:F1:72-2,0.1477903127670288,4
CGTCAGGAGAACAACT-1-7:F1:72-2,0.1203710585832595,3
CGTCAGGTCACCCGAG-1-7:F1:72-2,0.1093470305204391,2
CGTCCATCATCATCCC-1-7:F1:72-2,0.0153593402355909,1
CGTCCATTCAACCAAC-1-7:F1:72-2,0.0151732908561825,1
CGTGTAAGTCAGTGGA-1-7:F1:72-2,0.1412141025066375,4
CGTGTCTCAATCCAAC-1-7:F1:72-2,0.0157673228532075,1
CGTGTCTGTCATGCAT-1-7:F1:72-2,0.01565483212471,1
CGTTAGAAGGTTACCT-1-7:F1:72-2,0.0812602415680885,2
CGTTCTGAGTACGTTC-1-7:F1:72-2,0.01565483212471,1
CGTTCTGCATGAACCT-1-7:F1:72-2,0.0963522940874099,4
CTAAGACAGACCTTTG-1-7:F1:72-2,0.1981200277805328,4
CTACGTCCATTAGGCT-1-7:F1:72-2,0.1203710585832595,3
CTACGTCCATTCTTAC-1-7:F1:72-2,0.0151367941871285,1
CTCACACCAATGAATG-1-7:F1:72-2,0.0150320893153548,1
CTCATTATCGTCACGG-1-7:F1:72-2,0.1203710585832595,3
CTCCTAGAGCGTGAAC-1-7:F1:72-2,0.5329879522323608,2
CTCCTAGAGTTGTCGT-1-7:F1:72-2,0.0973130017518997,4
CTCGAAAAGACTAGAT-1-7:F1:72-2,0.2695037126541137,0
CTCGAAACAGGCTCAC-1-7:F1:72-2,0.1203710585832595,3
CTCGAAACAGTCACTA-1-7:F1:72-2,0.1357335895299911,2
CTCGGAGAGGAGTTTA-1-7:F1:72-2,0.0643647238612175,5
CTCGGAGCACATCCGG-1-7:F1:72-2,0.2049182653427124,4
CTCGGAGTCTGCGACG-1-7:F1:72-2,0.0261498149484395,1
CTCGGGACAAACCTAC-1-7:F1:72-2,0.2695037126541137,0
CTCGTACCAAGCCATT-1-7:F1:72-2,0.1477903127670288,4
CTCGTACCAGCTGCTG-1-7:F1:72-2,0.7480930685997009,4
CTCGTCATCACGCGGT-1-7:F1:72-2,0.1203710585832595,3
CTCTAATGTTACGCGC-1-7:F1:72-2,0.1203710585832595,3
CTCTGGTCACATCTTT-1-7:F1:72-2,0.0151732908561825,1
CTCTGGTGTAGCGTAG-1-7:F1:72-2,0.0154540194198489,1
CTCTGGTGTCCAGTAT-1-7:F1:72-2,0.0643647238612175,5
CTCTGGTTCTACCAGA-1-7:F1:72-2,0.1093470305204391,2
CTGATAGGTCTTCGTC-1-7:F1:72-2,0.0157235730439424,1
CTGATCCGTTGGTGGA-1-7:F1:72-2,0.2194005995988845,4
CTGCTGTAGGAGCGTT-1-7:F1:72-2,0.0643647238612175,5
CTGGTCTCACATGACT-1-7:F1:72-2,0.2695037126541137,0
CTGTGCTAGGCATTGG-1-7:F1:72-2,0.0150320893153548,1
CTGTTTATCGCCCTTA-1-7:F1:72-2,0.1007318645715713,2
CTTACCGTCGCCAGCA-1-7:F1:72-2,0.1203710585832595,3
CTTAGGACACTGTGTA-1-7:F1:72-2,0.1203710585832595,3
CTTCTCTAGTAGATGT-1-7:F1:72-2,0.1203710585832595,3
CTTGGCTCATCAGTCA-1-7:F1:72-2,0.1203710585832595,3
CTTTGCGGTATTCTCT-1-7:F1:72-2,0.0155769428238272,1
CTTTGCGGTGATGTGG-1-7:F1:72-2,0.0657391771674156,1
GAACATCTCGCGTAGC-1-7:F1:72-2,0.1981200277805328,4
GAACCTAAGGCGTACA-1-7:F1:72-2,0.3024393022060394,4
GAACGGACAGACAAAT-1-7:F1:72-2,0.1972079426050186,0
GAATGAACATGTAGTC-1-7:F1:72-2,0.1519745141267776,2
GAATGAATCCGAACGC-1-7:F1:72-2,0.0870167687535286,2
GACACGCGTCTCTTAT-1-7:F1:72-2,0.01565483212471,1
GACAGAGAGTGGGATC-1-7:F1:72-2,0.0153593402355909,1
GACAGAGGTCATGCCG-1-7:F1:72-2,0.2319668233394622,2
GACCTGGCATCCCATC-1-7:F1:72-2,0.1122581735253334,2
GACGTGCAGCGGCTTC-1-7:F1:72-2,0.0352173522114753,1
GACGTTACATGCGCAC-1-7:F1:72-2,0.3227713406085968,4
GACTAACCAAGGTTTC-1-7:F1:72-2,0.1203710585832595,3
GAGTCCGCATCGGTTA-1-7:F1:72-2,0.16255584359169,4
GATGAAAAGTGGACGT-1-7:F1:72-2,0.1789251565933227,4
GATGAGGCAGTGGAGT-1-7:F1:72-2,0.0643647238612175,5
GCACTCTCAGTGAGTG-1-7:F1:72-2,0.2427029460668563,4
GCACTCTGTCACACGC-1-7:F1:72-2,0.1815179139375686,4
GCACTCTGTTCGAATC-1-7:F1:72-2,0.2854553163051605,4
GCAGCCAAGATGTTAG-1-7:F1:72-2,0.1203710585832595,3
GCATACACACCGATAT-1-7:F1:72-2,0.0154217975214123,1
GCATGATAGTCTCCTC-1-7:F1:72-2,0.1107478588819503,4
GCATGATTCAACCAAC-1-7:F1:72-2,0.1093470305204391,2
GCATGTAGTTCAGACT-1-7:F1:72-2,0.0643647238612175,5
GCGACCAAGACGCTTT-1-7:F1:72-2,0.0643647238612175,5
GCGAGAAAGCGTAGTG-1-7:F1:72-2,0.3831571340560913,4
GCGAGAAAGTCTTGCA-1-7:F1:72-2,0.0431673526763916,1
GCGCAACCAGCATGAG-1-7:F1:72-2,0.2695037126541137,0
GCGCAACTCTCCAACC-1-7:F1:72-2,0.1203710585832595,3
GCGCAGTGTGTTCTTT-1-7:F1:72-2,0.01565483212471,1
GCGCGATTCAGGCAAG-1-7:F1:72-2,0.1696337908506393,0
GCTCCTATCAACACGT-1-7:F1:72-2,0.1579822599887848,4
GCTCTGTCATACTCTT-1-7:F1:72-2,0.1972079426050186,0
GCTGCAGAGTAATCCC-1-7:F1:72-2,0.1357335895299911,2
GCTGCTTGTATATCCG-1-7:F1:72-2,0.1696337908506393,0
GCTGGGTGTCTCAACA-1-7:F1:72-2,0.3831571340560913,4
GCTTCCAAGATGAGAG-1-7:F1:72-2,0.1994304955005645,4
GGAAAGCGTATAATGG-1-7:F1:72-2,0.1093470305204391,2
GGAAAGCTCCGTTGTC-1-7:F1:72-2,0.1696337908506393,0
GGAATAAAGGCAGTCA-1-7:F1:72-2,0.2935217618942261,2
GGAATAACAGCCTTTC-1-7:F1:72-2,0.1203710585832595,3
GGACAGAAGATCGATA-1-7:F1:72-2,0.713928759098053,6
GGACAGACATTTGCTT-1-7:F1:72-2,0.2695037126541137,0
GGACAGATCTAGAGTC-1-7:F1:72-2,0.1581201255321502,2
GGACATTGTCTGGTCG-1-7:F1:72-2,0.1203710585832595,3
GGATGTTTCACCCTCA-1-7:F1:72-2,0.0354243926703929,1
GGATTACGTCTGCGGT-1-7:F1:72-2,0.1277652084827423,2
GGCAATTTCAAACAAG-1-7:F1:72-2,0.0796041786670684,5
GGCCGATAGATGCCAG-1-7:F1:72-2,0.1203710585832595,3
GGCCGATTCGATCCCT-1-7:F1:72-2,0.779319703578949,4
GGCGACTAGAACAACT-1-7:F1:72-2,0.1203710585832595,3
GGCGTGTTCGGAGGTA-1-7:F1:72-2,0.1007318645715713,2
GGCTGGTCAGTTCATG-1-7:F1:72-2,0.0643647238612175,5
GGGAGATTCCTGTACC-1-7:F1:72-2,0.0150320893153548,1
GGGATGACAGGGTATG-1-7:F1:72-2,0.1203710585832595,3
GGGCATCAGGACCACA-1-7:F1:72-2,0.0149830831214785,1
GGGCATCGTACTTCTT-1-7:F1:72-2,0.1706372052431106,0
GGGTCTGAGAATTGTG-1-7:F1:72-2,0.0150151820853352,1
GGGTCTGTCAGGCAAG-1-7:F1:72-2,0.2427029460668563,4
GGGTTGCGTTGTGGAG-1-7:F1:72-2,0.1477903127670288,4
GGTGAAGGTAAACCTC-1-7:F1:72-2,0.713928759098053,6
GGTGAAGTCAAGCCTA-1-7:F1:72-2,0.093613862991333,2
GGTGAAGTCTAACGGT-1-7:F1:72-2,0.2695037126541137,0
GGTGCGTAGAACTGTA-1-7:F1:72-2,0.0154460975900292,1
GGTGCGTAGGTGGGTT-1-7:F1:72-2,0.0151732908561825,1
GGTGCGTCATGACGGA-1-7:F1:72-2,0.16255584359169,4
GTAACGTTCATGTGGT-1-7:F1:72-2,0.2756065428256988,4
GTAACGTTCGAACGGA-1-7:F1:72-2,0.1635560840368271,6
GTAACTGGTCTCCCTA-1-7:F1:72-2,0.1203710585832595,3
GTAACTGTCACGATGT-1-7:F1:72-2,0.0164301432669162,1
GTAACTGTCCAGAAGG-1-7:F1:72-2,0.713928759098053,6
GTACGTAGTGTTCGAT-1-7:F1:72-2,0.0261498149484395,1
GTACTTTCATGGATGG-1-7:F1:72-2,0.2695037126541137,0
GTAGGCCCATTCTCAT-1-7:F1:72-2,0.136649802327156,4
GTATCTTGTTGTACAC-1-7:F1:72-2,0.713928759098053,6
GTCAAGTAGCGATGAC-1-7:F1:72-2,0.1203710585832595,3
GTCATTTAGTAATCCC-1-7:F1:72-2,0.1203710585832595,3
GTCGGGTCACATTTCT-1-7:F1:72-2,0.1093470305204391,2
GTCGGGTGTGAGGGTT-1-7:F1:72-2,0.0150988306850194,1
GTCGGGTTCCTTAATC-1-7:F1:72-2,0.1203710585832595,3
GTCTCGTGTTCACGGC-1-7:F1:72-2,0.1093470305204391,2
GTCTTCGGTGGAAAGA-1-7:F1:72-2,0.0157673228532075,1
GTGCAGCTCGTGGTCG-1-7:F1:72-2,0.3479061722755432,5
GTGCTTCCACCAGTTA-1-7:F1:72-2,0.0154291586950421,1
GTGCTTCTCAGTTTGG-1-7:F1:72-2,0.0151732908561825,1
GTTACAGAGATAGGAG-1-7:F1:72-2,0.0812602415680885,2
GTTCATTCAGTCGTGC-1-7:F1:72-2,0.3761674463748932,4
GTTCGGGAGCTCTCGG-1-7:F1:72-2,0.100815325975418,2
GTTCTCGCACACCGCA-1-7:F1:72-2,0.1203710585832595,3
GTTTCTATCTTCATGT-1-7:F1:72-2,0.0261498149484395,1
TAAGCGTGTGATGTGG-1-7:F1:72-2,0.0643647238612175,5
TAAGTGCAGCGCTTAT-1-7:F1:72-2,0.0149830831214785,1
TACACGATCAAACGGG-1-7:F1:72-2,0.1203710585832595,3
TACACGATCCTACAGA-1-7:F1:72-2,0.3831571340560913,4
TACAGTGCACGGCCAT-1-7:F1:72-2,0.2695037126541137,0
TACCTATGTAGTACCT-1-7:F1:72-2,0.0643647238612175,5
TACGGGCTCGACCAGC-1-7:F1:72-2,0.0157673228532075,1
TACGGTAAGCTGAACG-1-7:F1:72-2,0.0150320893153548,1
TACGGTAGTTACGACT-1-7:F1:72-2,0.2695037126541137,0
TACTCGCAGCTGTTCA-1-7:F1:72-2,0.2695037126541137,0
TACTTACCACAAGCCC-1-7:F1:72-2,0.1146753579378128,4
TACTTACGTTCCACTC-1-7:F1:72-2,0.0602412819862365,2
TACTTGTCATTGCGGC-1-7:F1:72-2,0.1007318645715713,2
TACTTGTGTCATCGGC-1-7:F1:72-2,0.0643647238612175,5
TAGAGCTTCTGTTGAG-1-7:F1:72-2,0.1203710585832595,3
TAGCCGGGTTGGGACA-1-7:F1:72-2,0.0643647238612175,5
TAGTGGTGTACAGTTC-1-7:F1:72-2,0.1107478588819503,4
TAGTGGTGTTTAGGAA-1-7:F1:72-2,0.2427029460668563,4
TAGTTGGGTTCAACCA-1-7:F1:72-2,0.0497344471514225,1
TATCAGGAGAAACCAT-1-7:F1:72-2,0.0151732908561825,1
TATTACCCAGACGTAG-1-7:F1:72-2,0.1203710585832595,3
TCAATCTAGACAAAGG-1-7:F1:72-2,0.1203032881021499,2
TCAATCTTCTTGAGAC-1-7:F1:72-2,0.0643647238612175,5
TCAGCAAGTATTACCG-1-7:F1:72-2,0.01565483212471,1
TCAGGTACAGTATAAG-1-7:F1:72-2,0.2836633026599884,4
TCAGGTACAGTGAGTG-1-7:F1:72-2,0.0154217975214123,1
TCATTTGCAGTCAGAG-1-7:F1:72-2,0.1357335895299911,2
TCGCGAGCAGACGCCT-1-7:F1:72-2,0.1348998248577118,4
TCGCGTTTCACCTCGT-1-7:F1:72-2,0.0154460975900292,1
TCGGGACGTCTCTCGT-1-7:F1:72-2,0.0812602415680885,2
TCGGTAAAGTAGGCCA-1-7:F1:72-2,0.1188659518957138,2
TCGTACCCAAGCCATT-1-7:F1:72-2,0.0150320893153548,1
TCGTACCCATGTTCCC-1-7:F1:72-2,0.1981200277805328,4
TCGTACCGTAAGAGGA-1-7:F1:72-2,0.0150988306850194,1
TCTCATAAGATGCCAG-1-7:F1:72-2,0.1899597346782684,4
TCTCATATCACGACTA-1-7:F1:72-2,0.1093470305204391,2
TCTCTAATCGTTGCCT-1-7:F1:72-2,0.1981200277805328,4
TCTGAGAAGCACGCCT-1-7:F1:72-2,0.1203710585832595,3
TCTGAGACACCGAATT-1-7:F1:72-2,0.0354243926703929,1
TCTTCGGCACCGAAAG-1-7:F1:72-2,0.713928759098053,6
TCTTCGGCAGATGAGC-1-7:F1:72-2,0.1348998248577118,4
TCTTTCCGTCTACCTC-1-7:F1:72-2,0.0151732908561825,1
TGAAAGAAGAGTGACC-1-7:F1:72-2,0.2194005995988845,4
TGACAACAGGTGATAT-1-7:F1:72-2,0.1981200277805328,4
TGACTAGCATACTCTT-1-7:F1:72-2,0.0261498149484395,1
TGACTAGTCACCGTAA-1-7:F1:72-2,0.1203710585832595,3
TGAGCATGTTAGATGA-1-7:F1:72-2,0.0879668295383453,2
TGAGCATTCAAGGCTT-1-7:F1:72-2,0.0967524722218513,4
TGAGCATTCACCCTCA-1-7:F1:72-2,0.16255584359169,4
TGCACCTAGACATAAC-1-7:F1:72-2,0.0785398855805397,2
TGCCAAATCTTAACCT-1-7:F1:72-2,0.1981200277805328,4
TGCCCATGTGTGAATA-1-7:F1:72-2,0.1203710585832595,3
TGCCCATTCACGGTTA-1-7:F1:72-2,0.0643647238612175,5
TGCGCAGCAAGTTCTG-1-7:F1:72-2,0.2695037126541137,0
TGCTACCAGTACGTTC-1-7:F1:72-2,0.1203710585832595,3
TGCTGCTCAAGGTTTC-1-7:F1:72-2,0.1203710585832595,3
TGGACGCGTTGAGTTC-1-7:F1:72-2,0.713928759098053,6
TGGCGCAGTAAATGAC-1-7:F1:72-2,0.1981200277805328,4
TGGGAAGAGATAGCAT-1-7:F1:72-2,0.1203710585832595,3
TGGTTAGCACTGTTAG-1-7:F1:72-2,0.0643647238612175,5
TGGTTAGGTACTCTCC-1-7:F1:72-2,0.713928759098053,6
TGTATTCCATCAGTCA-1-7:F1:72-2,0.2695037126541137,0
TGTCCCATCGTGGTCG-1-7:F1:72-2,0.0643647238612175,5
TGTGTTTCACAGAGGT-1-7:F1:72-2,0.1093470305204391,2
TGTGTTTGTGAGCGAT-1-7:F1:72-2,0.1203710585832595,3
TTAACTCCACGAAAGC-1-7:F1:72-2,0.1357335895299911,2
TTAGGACAGCGTCAAG-1-7:F1:72-2,0.0812602415680885,2
TTAGTTCGTACTTAGC-1-7:F1:72-2,0.713928759098053,6
TTCCCAGGTGCGCTTG-1-7:F1:72-2,0.1093470305204391,2
TTCGGTCTCCGTTGTC-1-7:F1:72-2,0.1696337908506393,0
TTCTCCTTCCGCGGTA-1-7:F1:72-2,0.3831571340560913,4
TTGACTTGTACAGTGG-1-7:F1:72-2,0.0643647238612175,5
TTGCCGTAGCCACCTG-1-7:F1:72-2,0.1696337908506393,0
TTGCCGTCACGCATCG-1-7:F1:72-2,0.0150988306850194,1
TTGTAGGCATCTGGTA-1-7:F1:72-2,0.236853152513504,4
TTTACTGTCACCGGGT-1-7:F1:72-2,0.1357335895299911,2
TTTCCTCAGATCTGCT-1-7:F1:72-2,0.0354243926703929,1
TTTCCTCTCCGGGTGT-1-7:F1:72-2,0.1272198259830474,6
TTTGTCAGTCTGCCAG-1-7:F1:72-2,0.1122439205646514,2
